id;loginname;message;created
1;Facilitator compressing;Branding capacity;Configuration
2;Agent Rhode Island District;Practical Plastic Tuna Berkshire;Liaison Home
3;back up;Practical Pre-emptive International;Wooden compress Fish
4;interactive Buckinghamshire;moderator;Shores ability Vermont
5;relationships Tools service-desk;Arkansas digital Plastic;Technician
6;facilitate Road explicit;deposit Soft Malta;Money Market Account Small Granite Gloves
7;Books digital driver;Berkshire generate;Rustic
8;Incredible Metal Bacon Zimbabwe Dollar;deposit;well-modulated Intelligent Granite Computer Forks
9;software Industrial;generating Cambridgeshire Cheese;Personal Loan Account Iowa New York
10;payment Haiti;microchip Automotive Books;Poland
